,gen,fitness,fitness_std,fitness_max,fitness_min
0,0,0.6376546735198934,0.004838647494673793,0.6420331239291833,0.6303636017513802
1,1,0.6420331239291833,0.0,0.6420331239291833,0.6420331239291833
2,2,0.6420331239291833,0.0,0.6420331239291833,0.6420331239291833
3,3,0.6420331239291833,0.0,0.6420331239291833,0.6420331239291833
4,4,0.6420331239291833,0.0,0.6420331239291833,0.6420331239291833
