,gen,fitness,fitness_std,fitness_max,fitness_min
0,0,0.6396059394631639,0.013768720141608697,0.6595278888254331,0.6206548638873024
1,1,0.6493241956976965,0.01022586672735415,0.6595278888254331,0.6381686655244623
2,2,0.6498001142204455,0.009727774604987638,0.6595278888254331,0.6400723396154578
3,3,0.6595278888254331,0.0,0.6595278888254331,0.6595278888254331
4,4,0.6595278888254331,0.0,0.6595278888254331,0.6595278888254331
