,gen,fitness,fitness_std,fitness_max,fitness_min
0,0,0.6644155720540643,0.04531849687475995,0.7393108699790596,0.626499143346659
1,1,0.6926185037121645,0.04797158873972879,0.7393108699790596,0.6303636017513802
2,2,0.7198553207690843,0.03369799972083371,0.7393108699790596,0.6614886731391585
3,3,0.7393108699790596,0.0,0.7393108699790596,0.7393108699790596
4,4,0.7393108699790596,0.0,0.7393108699790596,0.7393108699790596
