,gen,fitness,fitness_std,fitness_max,fitness_min
0,0,0.6741385874738246,0.04630920043944132,0.7393108699790596,0.6303636017513802
1,1,0.7286074624024367,0.01853884573682846,0.7393108699790596,0.6964972396725682
2,2,0.7179040548258138,0.021406815153245717,0.7393108699790596,0.6964972396725682
3,3,0.7393108699790596,0.0,0.7393108699790596,0.7393108699790596
4,4,0.7393108699790596,0.0,0.7393108699790596,0.7393108699790596
5,5,0.7393108699790596,0.0,0.7393108699790596,0.7393108699790596
6,6,0.7393108699790596,0.0,0.7393108699790596,0.7393108699790596
