,gen,fitness,fitness_std,fitness_max,fitness_min
0,0,0.8115384615384615,0.01153846153846157,0.8307692307692308,0.7999999999999999
1,1,0.8250000000000001,0.009992600812897382,0.8307692307692308,0.8076923076923077
2,2,0.8326923076923077,0.0033308669376324444,0.8384615384615385,0.8307692307692308
3,3,0.8346153846153846,0.0038461538461538325,0.8384615384615385,0.8307692307692308
4,4,0.8326923076923077,0.0033308669376324444,0.8384615384615385,0.8307692307692308
5,5,0.8307692307692308,0.0,0.8307692307692308,0.8307692307692308
6,6,0.8307692307692308,0.0,0.8307692307692308,0.8307692307692308
